phase,label,elapsed_ns,bytes,write_calls,cpu_ticks,window_seconds
b2,b2-tab-scroll-1,2459149060,550000,2149,354,8.000078208
b2,b2-tab-redraw-1,45588750,468607,1831,99,8.000077333
b2,b2-tab-region-1,463575190,192017,751,142,8.000132855
b2,b2-tab-alternate-1,222222340,3200,13,124,8.000082169
b2,b2-tab-rows-1,1083765530,12016,47,269,8.000069603
b2,b2-pane-scroll-1,107052550,550000,135,127,8.000097255
b2,b2-pane-redraw-1,36303260,468607,115,168,8.000085210
b2,b2-pane-region-1,3126090,192017,47,102,8.000079869
b2,b2-pane-alternate-1,36120,3200,1,102,8.000105867
b2,b2-pane-rows-1,119620,12016,3,96,8.000075394
a2,a2-tab-scroll-1,2971161890,550000,2149,460,8.000090380
a2,a2-tab-redraw-1,46623900,468607,1831,106,8.000081822
a2,a2-tab-region-1,465685910,192017,751,140,8.000081350
a2,a2-tab-alternate-1,227852240,3200,13,121,8.000089717
a2,a2-tab-rows-1,1099639060,12016,47,278,8.000106233
a2,a2-pane-scroll-1,102164570,550000,135,109,8.000082642
a2,a2-pane-redraw-1,9839270,468607,115,90,8.000080333
a2,a2-pane-region-1,3727100,192017,47,87,8.000097476
a2,a2-pane-alternate-1,36390,3200,1,89,8.000074364
a2,a2-pane-rows-1,118870,12016,3,85,8.000098625
b3,b3-tab-scroll-1,3061560550,550000,2149,427,8.000093164
b3,b3-tab-redraw-1,45175130,468607,1831,104,8.000078265
b3,b3-tab-region-1,471312390,192017,751,151,8.000095245
b3,b3-tab-alternate-1,230163010,3200,13,136,8.000087503
b3,b3-tab-rows-1,1115103190,12016,47,279,8.000071417
b3,b3-pane-scroll-1,97878530,550000,135,115,8.000097099
b3,b3-pane-redraw-1,15084930,468607,115,120,8.000091723
b3,b3-pane-region-1,2746260,192017,47,121,8.000077968
b3,b3-pane-alternate-1,52210,3200,1,151,8.000133457
b3,b3-pane-rows-1,37220,12016,3,95,8.000093485
a3,a3-tab-scroll-1,2452070100,550000,2149,334,8.000078517
a3,a3-tab-redraw-1,46471300,468607,1831,81,8.000082065
a3,a3-tab-region-1,456059880,192017,751,131,8.000079495
a3,a3-tab-alternate-1,225563840,3200,13,118,8.000078231
a3,a3-tab-rows-1,1100952330,12016,47,268,8.000115989
a3,a3-pane-scroll-1,101092540,550000,135,96,8.000088734
a3,a3-pane-redraw-1,9766260,468607,115,87,8.000079101
a3,a3-pane-region-1,3644480,192017,47,90,8.000115491
a3,a3-pane-alternate-1,34250,3200,1,86,8.000091251
a3,a3-pane-rows-1,37330,12016,3,87,8.000097905
b4,b4-tab-scroll-1,2408725150,550000,2149,336,8.000142499
b4,b4-tab-redraw-1,46000500,468607,1831,91,8.000106379
b4,b4-tab-region-1,452466560,192017,751,138,8.000083135
b4,b4-tab-alternate-1,216678250,3200,13,129,8.000099036
b4,b4-tab-rows-1,1089695710,12016,47,269,8.000207556
b4,b4-pane-scroll-1,97269370,550000,135,100,8.000079238
b4,b4-pane-redraw-1,10627180,468607,115,95,8.000136952
b4,b4-pane-region-1,2760110,192017,47,109,8.000153255
b4,b4-pane-alternate-1,36200,3200,1,147,8.000110042
b4,b4-pane-rows-1,37670,12016,3,93,8.000104130
a4,a4-tab-scroll-1,2450991600,550000,2149,345,8.000103906
a4,a4-tab-redraw-1,46693780,468607,1831,85,8.000078589
a4,a4-tab-region-1,459422940,192017,751,129,8.000077650
a4,a4-tab-alternate-1,234451290,3200,13,118,8.000090237
a4,a4-tab-rows-1,1094310270,12016,47,257,8.000083491
a4,a4-pane-scroll-1,95382370,550000,135,97,8.000098483
a4,a4-pane-redraw-1,14740680,468607,115,89,8.000079635
a4,a4-pane-region-1,3571570,192017,47,83,8.000093030
a4,a4-pane-alternate-1,112790,3200,1,82,8.000081438
a4,a4-pane-rows-1,37660,12016,3,84,8.000076995
